outfit_id,gender,wear_type,occasion,theme,hero,hero_id,second,second_id,layer,layer_id,footwear,footwear_id,accessory_1,accessory_1_id,accessory_2,accessory_2_id,palette,items_count,total_price_inr,image_files,stylist_rationale
outfit W1,women,western,party,Black cocktail,Women Bodycon Midi Length Dress (Fyre Rose),ajio_703182002,,,,,Classic Women's Heels (Lavie),myntra_42540276,Sparkle Framed Clutch (Lavie),myntra_15660676,,,black / red,3,2313,images/ajio/703182002.jpg;images/myntra/42540276.jpg;images/myntra/15660676.jpg,"Black midi with a gold chain waist detail; gold crystal slingback pumps echo that hardware, and a soft blush box clutch keeps the eye on the dress."
outfit W2,women,western,party,Wine bodycon evening,Bodycon Midi Dress (MULVARI),myntra_41733768,,,,,Open Toe Kitten Heel Sandals (Mochi),myntra_31751105,Women Embellished Clutch with Lock (Rubans),ajio_701677398,,,maroon / red / white,3,1977,images/myntra/41733768.jpg;images/myntra/31751105.jpg;images/ajio/701677398.jpg,Sleek wine square-neck bodycon; nude-tan kitten sandals lengthen the line and a silver sparkle clutch adds just enough shine.
outfit W3,women,western,party,"Magenta slip, night out",Ruched Asymmetrical Midi Dress (MANGO),myntra_34682942,,,,,Women Stiletto Pumps (Shoetopia),myntra_32069236,Sling Bag with Quilted (Exotic),myntra_24130018,,,red / white / black,3,3870,images/myntra/34682942.jpg;images/myntra/32069236.jpg;images/myntra/24130018.jpg,Magenta ruched slip dress with white pointed ankle-booties for an edgy contrast; a black quilted chain sling grounds the brights.
outfit W4,women,ethnic,festive,Dusty-blue Anarkali,Women Embellished Anarkali Kurta Suit Set (SVARAA),ajio_702454568,,,,,Women Malak Brown Solid Juttis (YASSIO),nykaa_24377703,Women Stone-Studded Necklace & Earrings Set (VATSALYA),ajio_700825576,Women PU Clutches (ESBEDA),myntra_39451752,grey / brown / pink / black,4,3894,images/ajio/702454568.jpg;images/nykaa/24377703.jpg;images/ajio/700825576.jpg;images/myntra/39451752.jpg,"Dusty blue-grey anarkali with gold embroidery; brown silver-trimmed juttis and a silver stone necklace stay tonal, black clutch finishes it."
outfit W5,women,ethnic,wedding,Red Banarasi saree,Women Floral Woven Banarasi Silk Saree (Styleelite),ajio_467147176,,,,,Women Fusion Embellished Juttis (DFR),ajio_703351510,Gold-Plated Jewellery Set (PANASH),myntra_7451803,Embroidered Potli Clutch (Anouk),myntra_41578752,red / cream / white,4,5066,images/ajio/467147176.jpg;images/ajio/703351510.jpg;images/myntra/7451803.jpg;images/myntra/41578752.jpg,"Classic red Banarasi silk with gold zari; gold embellished juttis, a gold-kundan red-stone set and a gold pearl potli all pick up the zari — full traditional bridal-guest look."
outfit W6,women,ethnic,festive,Purple sharara set,Women Elegance Sharara Kurta Set (Nyrika),ajio_703450523,,,,,Party Block Pumps with Buckles (CHINRAAG),myntra_38487469,Drop Earrings (Zaveri Pearls),myntra_625852,,,purple / red / white,3,2338,images/ajio/703450523.jpg;images/myntra/38487469.jpg;images/myntra/625852.jpg,"Deep-purple embellished sharara set; wine block pumps with a gold buckle sit in the same rich family, kept light with simple drop earrings."
outfit W7,women,western,office,Navy-floral workwear,Women Navy Blue Print Long Sleeves Formal Shirt (Van Heusen),nykaa_21896203,Women Olive Green High Rise Formal Trousers (Powersutra),nykaa_19331662,Single-Breasted Formal Blazers (Van Heusen Woman),myntra_30441198,Bow Detail Kitten Heel Pumps (Carlton London),myntra_26814366,Shopper Shoulder Bag (MANGO),myntra_36090580,,,navy / green / white / olive,5,8358,images/nykaa/21896203.jpg;images/nykaa/19331662.jpg;images/myntra/30441198.jpg;images/myntra/26814366.jpg;images/myntra/36090580.jpg,"Navy floral satin shirt with olive wide-leg trousers and a navy blazer — muted, grown-up palette; cream bow kitten pumps and an olive tote keep it boardroom-neat."
outfit W8,women,western,casual,Light-denim day,Floral Print Peplum Top (Anouk Mirage),myntra_39522716,Women Straight Fit High-Rise Jeans (U.S. Polo Assn. Women),myntra_41163758,,,Women Lace-Up Fastening Sneakers (Forever Glam by Pantaloons),ajio_703187803,Sling Bag with Quilted (Exotic),myntra_24130018,Brown UV Protection Oval Full Rim Casual Women Sunglass - VS 2301-Gold-BRN (40) (HASHTAG EYEWEAR),nykaa_22909654,white / blue / cream / black / brown,5,4825,images/myntra/39522716.jpg;images/myntra/41163758.jpg;images/ajio/703187803.jpg;images/myntra/24130018.jpg;images/nykaa/22909654.jpg,Cream floral peplum top with light wide-leg jeans and cream sneakers — easy and bright; black sling (a staple) and sunglasses for daytime.
outfit W9,women,western,vacation,Navy-floral maxi,Women Floral Print Maxi Fit & Flare Dress (LEIA),ajio_701467182,,,,,Women Slip-On Flat Sandals (JM LOOKS),ajio_702390240,Shopper Shoulder Bag (MANGO),myntra_36090580,Brown UV Protection Oval Full Rim Casual Women Sunglass - VS 2301-Gold-BRN (40) (HASHTAG EYEWEAR),nykaa_22909654,navy / brown / olive,4,3607,images/ajio/701467182.jpg;images/ajio/702390240.jpg;images/myntra/36090580.jpg;images/nykaa/22909654.jpg,"Flowy navy maxi printed with cream lilies; flat brown sandals and an olive tote (staple) make it walkable, sunglasses for the sun."
outfit W10,women,western,party,Mocha satin co-ord,Women 2-Piece Co-Ord Set (Lulu & Sky),ajio_703543037,,,,,Women Slip-On Flat Sandals (JM LOOKS),ajio_702390240,Sling Bag with Quilted (Exotic),myntra_24130018,,,brown / black,3,4491,images/ajio/703543037.jpg;images/ajio/702390240.jpg;images/myntra/24130018.jpg,A matching mocha satin cami + wrap skirt does the coordinating; tonal brown sandals and the black sling keep it sleek for dinner.
outfit W11,women,western,sports,Athleisure,"Zen Round Neck Tank Top for Women, 4 Way Stretchable (Hunnit)",nykaa_19356700,Ultimate Cotton Flare Leggings with Anti-Slip Waist & Pockets NYAT503 Jet Black (Nykd by Nykaa),nykaa_13632320,,,Women Lace-Up Fastening Sneakers (Forever Glam by Pantaloons),ajio_703187803,,,,,tan / black / cream,3,3433,images/nykaa/19356700.jpg;images/nykaa/13632320.jpg;images/ajio/703187803.jpg,"Blue tank over black flare leggings with cushioned cream sneakers — a clean, move-ready set."
outfit W12,women,western,winter,Grey-coat layers,Open Knit Pullover Sweater (Roadster),myntra_11990814,Women Straight Fit High-Rise Jeans (U.S. Polo Assn. Women),myntra_41163758,Button Closure Long Coat (Cantabil),ajio_702780607,Solid Black Chunky Boots (DressBerry),myntra_41756001,,,,,red / blue / grey / black,4,8032,images/myntra/11990814.jpg;images/myntra/41163758.jpg;images/ajio/702780607.jpg;images/myntra/41756001.jpg,"Rust waffle-knit sweater and light jeans under a grey long coat, finished with black chunky boots — warm, autumnal, well-proportioned."
outfit W13,women,western,casual,Maroon shirt + denim skirt,Formal Shirt (Chemistry),myntra_30308778,Women Solid Bright Blue Bonnet Midi Skirt (KOTTY),nykaa_21742536,,,Women Lace-Up Fastening Sneakers (Forever Glam by Pantaloons),ajio_703187803,Sling Bag with Quilted (Exotic),myntra_24130018,,,maroon / blue / cream / black,4,3401,images/myntra/30308778.jpg;images/nykaa/21742536.jpg;images/ajio/703187803.jpg;images/myntra/24130018.jpg,Maroon utility shirt with a light-denim midi skirt and cream sneakers — relaxed colour-pop casual; black sling staple.
outfit W14,women,western,party,Blush statement maxi,Marquee White Sequin Printed Dress (VERO MODA),nykaa_20942213,,,,,Open Toe Kitten Heel Sandals (Mochi),myntra_31751105,Sparkle Framed Clutch (Lavie),myntra_15660676,,,white / red,3,6023,images/nykaa/20942213.jpg;images/myntra/31751105.jpg;images/myntra/15660676.jpg,Blush printed slip maxi; nude-tan kitten heels (staple) and the blush box clutch keep everything soft and tonal so the print leads.
outfit W15,women,ethnic,festive,Navy kurta suit set,Women Embroidered Straight Kurta Suit Set (SVARAA),ajio_702733799,,,,,Women Malak Brown Solid Juttis (YASSIO),nykaa_24377703,Women Stone-Studded Necklace & Earrings Set (VATSALYA),ajio_700825576,,,navy / brown / pink,3,2447,images/ajio/702733799.jpg;images/nykaa/24377703.jpg;images/ajio/700825576.jpg,Navy straight kurta suit with its own dupatta and gold neckwork; brown juttis and a silver set (staples) keep it understated and festive.
outfit M1,men,western,casual,Navy smart-casual,Slim Fit Casual Shirt (Aldeno),myntra_38692620,Tea Green Men Chinos (The Souled Store),nykaa_24178529,,,Men Slip-On Formal Shoes (REGAL),ajio_702013278,Men Analogue Watch-NU1825SL16 (TITAN),ajio_4935353720,,,navy / green / brown / red,4,8485,images/myntra/38692620.jpg;images/nykaa/24178529.jpg;images/ajio/702013278.jpg;images/ajio/4935353720.jpg,Navy casual shirt with sage chinos and brown bit-loafers — a crisp earthy combo; a green-dial leather watch finishes it.
outfit M2,men,western,vacation,Sage linen summer,Men Regular Fit Linen Shirt (NEONOMAD),ajio_703306501,Mens Navy Blue Pure Cotton Ultra Light Lounge Shorts (DaMENSCH),nykaa_25523123,,,Men Double-Strap Slip-On Sandals (SPYKAR),ajio_700692049,ANIME - Men Baseball Caps (BEWAKOOF),ajio_702546309,,,green / navy / olive,4,3199,images/ajio/703306501.jpg;images/nykaa/25523123.jpg;images/ajio/700692049.jpg;images/ajio/702546309.jpg,Sage linen shirt with navy cotton shorts and olive double-strap sandals; an olive cap pulls the greens together for vacation.
outfit M3,men,western,wedding,Navy tailored suit,Men Regular Fit 2-Piece Suit Set (ARROW),ajio_469618352,Cotton Slim Fit Formal Shirt (Arrow),myntra_28569210,,,Men Formal Lace-Up Shoes with Faux Leather Upper (KOSHER),ajio_700917335,Men Water-Resistant Analogue Watch-90200SL04 (TITAN),ajio_4934125790,,,grey / white / black / red,4,15296,images/ajio/469618352.jpg;images/myntra/28569210.jpg;images/ajio/700917335.jpg;images/ajio/4934125790.jpg,Navy two-piece over a white shirt with black derby shoes and a steel watch — sharp and ceremony-ready (navy + black is foolproof).
outfit M4,men,western,office,Crisp office formal,Cotton Slim Fit Formal Shirt (Arrow),myntra_28569210,Men Slim Fit Trousers (Raymond),myntra_23237806,,,Men Patterned Low-Top Loafers (U.S. Polo Assn.),ajio_469683825,Men Water-Resistant Analogue Watch-90200SL04 (TITAN),ajio_4934125790,,,white / red / black,4,11630,images/myntra/28569210.jpg;images/myntra/23237806.jpg;images/ajio/469683825.jpg;images/ajio/4934125790.jpg,White formal shirt (a staple) with light-grey trousers and black driving loafers; steel watch — clean desk-to-meeting formal.
outfit M5,men,western,sports,Athleisure,Men Oversized Fit Crew-Neck Sweatshirt (DNMX),ajio_443087217,Track Pants with Elasticated Drawstrings (Jack & Jones),ajio_464835118,,,Men Softride Carson Fresh Running Shoes (Puma),ajio_469763526,ANIME - Men Baseball Caps (BEWAKOOF),ajio_702546309,,,grey / brown / green / olive,4,3820,images/ajio/443087217.jpg;images/ajio/464835118.jpg;images/ajio/469763526.jpg;images/ajio/702546309.jpg,"Charcoal sweatshirt with maroon track pants and olive running shoes; cap on top — comfortable, tonal and sporty."
outfit M6,men,ethnic,festive,Cream kurta + Nehru,Roman Silk Embroidery Kurta (House of Pataudi),myntra_40399611,,,Cotton Woven Nehru Jacket (Fabindia),myntra_38200553,Men Elevator Casual Heeled Slip-on Traditional Jutti (BXXY),ajio_464207650,Men Analogue Watch-NU1825SL16 (TITAN),ajio_4935353720,,,black / navy / brown / red,4,6164,images/myntra/40399611.jpg;images/myntra/38200553.jpg;images/ajio/464207650.jpg;images/ajio/4935353720.jpg,Cream printed kurta set sharpened with a navy Nehru jacket and brown mojaris — the navy adds structure to the festive cream.
outfit M7,men,ethnic,wedding,Ivory sherwani,Men Texture Solid Indowestern Sherwani Churidar with Dupatta Set (KISAH),ajio_466576129,,,,,Men Elevator Casual Heeled Slip-on Traditional Jutti (BXXY),ajio_464207650,Men Water-Resistant Analogue Watch-90200SL04 (TITAN),ajio_4934125790,,,beige / brown / red,3,16896,images/ajio/466576129.jpg;images/ajio/464207650.jpg;images/ajio/4934125790.jpg,"Ivory sherwani with a maroon-printed dupatta and brown mojaris (staple) — classic wedding formality, warm neutral palette."
outfit M8,men,western,casual,Lavender polo day,Polo Collar Cotton T-shirt (XYXX),myntra_29132512,Blue Slim Fit Mid Rise Jeans (AD By Arvind),nykaa_21046502,,,Men Softride Carson Fresh Running Shoes (Puma),ajio_469763526,ANIME - Men Baseball Caps (BEWAKOOF),ajio_702546309,,,blue / green / olive,4,4867,images/myntra/29132512.jpg;images/nykaa/21046502.jpg;images/ajio/469763526.jpg;images/ajio/702546309.jpg,Dusty-lavender polo with blue jeans and olive running shoes (staple); cap for an easy weekend look — soft colour against denim.
outfit M9,men,western,casual,Denim-jacket street,Unisex Cotton T-shirt (Rigo),myntra_42184814,Tea Green Men Chinos (The Souled Store),nykaa_24178529,Signature Denim Jacket (Bonkers Corner),nykaa_22006528,Men Ankle-Length Chelsea Boots with Lace Fastening (BUCIK),ajio_701984081,,,,,navy / green / brown,4,4947,images/myntra/42184814.jpg;images/nykaa/24178529.jpg;images/nykaa/22006528.jpg;images/ajio/701984081.jpg,White tee under a black graphic denim jacket with sage chinos (staple) and brown work boots — relaxed streetwear with grounding browns.
outfit M10,men,western,party,Black party shirt,Textured Spread Collar Shirt (Instafab Plus),myntra_36794231,Men Slim Fit Trousers (Raymond),myntra_23237806,,,Men Patterned Low-Top Loafers (U.S. Polo Assn.),ajio_469683825,Men Water-Resistant Analogue Watch-90200SL04 (TITAN),ajio_4934125790,,,black / red,4,11596,images/myntra/36794231.jpg;images/myntra/23237806.jpg;images/ajio/469683825.jpg;images/ajio/4934125790.jpg,Black textured party shirt with grey trousers and black loafers (staples) plus a steel watch — sleek monochrome for evening.
syn_men_casual_0,men,western,casual,casual men,Highlander Men Green Check Shirt,fpi_23196,Lee Men Blue Chicago Fit Jeans,fpi_11340,,,ADIDAS Men Kendall Black Navy Floater,fpi_5608,,,,,green/blue,3,4949,images/fpi/23196.jpg;images/fpi/11340.jpg;images/fpi/5608.jpg,Pairs a green Shirts with blue Jeans and Sandals for a cohesive casual look.
syn_men_casual_1,men,western,casual,casual men,Arrow Sport Men blue Printed T-shirt,fpi_31038,Doodle Kids Boy Striped Blue Shorts,fpi_27215,,,Globalite Men Black Sparta Shoes,fpi_44747,,,,,blue/blue,3,4533,images/fpi/31038.jpg;images/fpi/27215.jpg;images/fpi/44747.jpg,Pairs a blue Tshirts with blue Shorts and Casual Shoes for a cohesive casual look.
syn_men_casual_2,men,western,casual,casual men,Proline Men Yellow T-shirt with Printed Detail,fpi_26284,Peter England Men Blue Party Jeans,fpi_39380,,,Newfeel Unisex Purple White Shoes,fpi_4852,,,,,yellow/white,3,4216,images/fpi/26284.jpg;images/fpi/39380.jpg;images/fpi/4852.jpg,Pairs a yellow Tshirts with white Jeans and Casual Shoes for a cohesive casual look.
syn_men_casual_3,men,western,casual,casual men,United Colors of Benetton Men White Solid T-shirt,fpi_20000,Timberland Men's Cycling Pod Chino Khaki Pant,fpi_7070,,,Vans Men Bedford Charcoal Shoes,fpi_34851,,,,,white/cream,3,4893,images/fpi/20000.jpg;images/fpi/7070.jpg;images/fpi/34851.jpg,Pairs a white Tshirts with cream Track Pants and Casual Shoes for a cohesive casual look.
syn_men_casual_4,men,western,casual,casual men,United Colors of Benetton Men Check Blue Shirt,fpi_19185,Proline Men Charcoal Grey Track Pants,fpi_34203,,,GAS Men Black Pine Flip Flops,fpi_17029,,,,,blue/charcoal,3,4889,images/fpi/19185.jpg;images/fpi/34203.jpg;images/fpi/17029.jpg,Pairs a blue Shirts with charcoal Track Pants and Flip Flops for a cohesive casual look.
syn_men_casual_5,men,western,casual,casual men,Levis Men Printed Olive Sweatshirts,fpi_16444,Manchester United Men Navy Blue Shorts,fpi_22814,,,Numero Uno Men Brown Casual Shoes,fpi_24463,,,,,olive/navy blue,3,4688,images/fpi/16444.jpg;images/fpi/22814.jpg;images/fpi/24463.jpg,Pairs a olive Sweatshirts with navy blue Shorts and Casual Shoes for a cohesive casual look.
syn_men_casual_6,men,western,casual,casual men,Levis Men Printed Black Sweatshirts,fpi_16443,Spykar Men Style Essentials Spykar Basic Attire Series 0428 Blue Jeans,fpi_9187,,,Vans Unisex White Classic Slip On Casual Shoes,fpi_42271,,,,,black/blue,3,5142,images/fpi/16443.jpg;images/fpi/9187.jpg;images/fpi/42271.jpg,Pairs a black Sweatshirts with blue Jeans and Casual Shoes for a cohesive casual look.
syn_men_casual_7,men,western,casual,casual men,U.S. Polo Assn. Men Solid Green Tshirt,fpi_19800,Lee Men Blue Chicago Fit Jeans,fpi_11340,,,Warner Bros Kids Unisex TJ Playlogs Brown Sandals,fpi_15868,,,,,green/blue,3,4782,images/fpi/19800.jpg;images/fpi/11340.jpg;images/fpi/15868.jpg,Pairs a green Tshirts with blue Jeans and Sandals for a cohesive casual look.
syn_men_casual_8,men,western,casual,casual men,Doodle Boys Yellow Printed T-Shirt,fpi_50713,Lee Men Blue Zed Fit Jeans,fpi_11346,,,Warner Bros Kids White sandals,fpi_40313,,,,,yellow/blue,3,4437,images/fpi/50713.jpg;images/fpi/11346.jpg;images/fpi/40313.jpg,Pairs a yellow Tshirts with blue Jeans and Sandals for a cohesive casual look.
syn_men_casual_9,men,western,casual,casual men,Gini and Jony Boys Printed Yellow T-shirt,fpi_34172,Nike Men Classic Jersey Black Track Pants,fpi_30604,,,Skechers Men Black Lifestyle Casual Shoes,fpi_3557,,,,,yellow/black,3,5139,images/fpi/34172.jpg;images/fpi/30604.jpg;images/fpi/3557.jpg,Pairs a yellow Tshirts with black Track Pants and Casual Shoes for a cohesive casual look.
syn_men_casual_10,men,western,casual,casual men,Tantra Unisex Printed White Tshirts,fpi_12597,Gini and Jony Boys Black Jeans,fpi_33283,,,U.S. Polo Assn. Men Green Flip Flops,fpi_53876,,,,,white/black,3,5171,images/fpi/12597.jpg;images/fpi/33283.jpg;images/fpi/53876.jpg,Pairs a white Tshirts with black Jeans and Flip Flops for a cohesive casual look.
syn_men_casual_11,men,western,casual,casual men,Tantra Kid's Unisex Kya Boss Red Kidswear,fpi_4317,Superman Men Navy Blue Printed Shorts,fpi_41695,,,Puma Men Standpunkt Brown Casual Shoes,fpi_19329,,,,,red/navy blue,3,4572,images/fpi/4317.jpg;images/fpi/41695.jpg;images/fpi/19329.jpg,Pairs a red Tshirts with navy blue Shorts and Casual Shoes for a cohesive casual look.
syn_men_casual_12,men,western,casual,casual men,Basics Men Purple Shirt,fpi_29831,ADIDAS Men Black 3/4 Length Pants,fpi_32427,,,Disney Unisex Kids Pluto Green Flip Flops,fpi_10740,,,,,purple/black,3,4359,images/fpi/29831.jpg;images/fpi/32427.jpg;images/fpi/10740.jpg,Pairs a purple Shirts with black Shorts and Flip Flops for a cohesive casual look.
syn_men_casual_13,men,western,casual,casual men,Highlander Men Red Striped Shirt,fpi_23198,Locomotive Men Washed Blue Jeans,fpi_16506,,,Warner Bros Kids Unisex LT Blug Clog Green Sandals,fpi_15858,,,,,red/blue,3,4531,images/fpi/23198.jpg;images/fpi/16506.jpg;images/fpi/15858.jpg,Pairs a red Shirts with blue Jeans and Sandals for a cohesive casual look.
syn_men_casual_14,men,western,casual,casual men,Tantra Kid's Unisex Good Morning Orange Kidswear,fpi_4320,Spykar Men Style Essentials Spykar Jeans Rns Blue Jeans,fpi_9189,,,Vans Unisex Wine Authentic Shoes,fpi_49460,,,,,orange/blue,3,4477,images/fpi/4320.jpg;images/fpi/9189.jpg;images/fpi/49460.jpg,Pairs a orange Tshirts with blue Jeans and Casual Shoes for a cohesive casual look.
syn_men_office_0,men,western,office,office men,John Miller Men Check Purple Shirt,fpi_29721,John Miller Men Black Trousers,fpi_26136,,,Red Tape Men Black Shoes,fpi_6503,,,,,purple/black,3,6072,images/fpi/29721.jpg;images/fpi/26136.jpg;images/fpi/6503.jpg,Pairs a purple Shirts with black Trousers and Formal Shoes for a cohesive office look.
syn_men_office_1,men,western,office,office men,Arrow Men Black & White Suspenders,fpi_25782,Basics Men Dark Brown Trousers,fpi_29852,,,Buckaroo Men New Pampa Black Formal Shoe,fpi_17760,,,,,black/brown,3,6312,images/fpi/25782.jpg;images/fpi/29852.jpg;images/fpi/17760.jpg,Pairs a black Suspenders with brown Trousers and Formal Shoes for a cohesive office look.
syn_men_office_2,men,western,office,office men,Mark Taylor Men Blue & White Striped Shirt,fpi_17562,John Miller Men Black Trousers,fpi_26138,,,Provogue Men Formal Black Formal Shoes,fpi_12879,,,,,blue/black,3,6366,images/fpi/17562.jpg;images/fpi/26138.jpg;images/fpi/12879.jpg,Pairs a blue Shirts with black Trousers and Formal Shoes for a cohesive office look.
syn_men_office_3,men,western,office,office men,Mark Taylor Men Aqua Blue & White Grey Striped Shirt,fpi_14526,Arrow Men Navy Blue Trousers,fpi_23042,,,Enroute Men Leather Brown Formal Shoes,fpi_16152,,,,,blue/navy blue,3,6254,images/fpi/14526.jpg;images/fpi/23042.jpg;images/fpi/16152.jpg,Pairs a blue Shirts with navy blue Trousers and Formal Shoes for a cohesive office look.
syn_men_office_4,men,western,office,office men,Arrow New York Men Grey Check Slim Fit Shirt,fpi_38973,Peter England Men Khaki Trousers,fpi_39808,,,Red Tape Men's Brown Formal Shoe,fpi_5316,,,,,grey/khaki,3,5888,images/fpi/38973.jpg;images/fpi/39808.jpg;images/fpi/5316.jpg,Pairs a grey Shirts with khaki Trousers and Formal Shoes for a cohesive office look.
syn_men_office_5,men,western,office,office men,John Players Men Blue Striped Shirt,fpi_37793,Indian Terrain Men Sid Black Trousers,fpi_9894,,,Buckaroo Men Flores Black Formal Shoes,fpi_9036,,,,,blue/black,3,6375,images/fpi/37793.jpg;images/fpi/9894.jpg;images/fpi/9036.jpg,Pairs a blue Shirts with black Trousers and Formal Shoes for a cohesive office look.
syn_men_office_6,men,western,office,office men,Arrow Men Black & White Suspenders,fpi_25782,John Miller Men Black Trousers,fpi_26138,,,Franco Leone Men Brown Formal Shoe,fpi_15065,,,,,black/black,3,6233,images/fpi/25782.jpg;images/fpi/26138.jpg;images/fpi/15065.jpg,Pairs a black Suspenders with black Trousers and Formal Shoes for a cohesive office look.
syn_men_office_7,men,western,office,office men,Arrow Men Check Purple Shirts,fpi_14783,Peter England Men Khaki Trousers,fpi_39808,,,Rockport Men's Evander Brown Shoe,fpi_7216,,,,,purple/khaki,3,6418,images/fpi/14783.jpg;images/fpi/39808.jpg;images/fpi/7216.jpg,Pairs a purple Shirts with khaki Trousers and Formal Shoes for a cohesive office look.
syn_men_office_8,men,western,office,office men,Mark Taylor Men Grey Striped Shirt,fpi_12028,Indigo Nation Men ID Printed Grey Trousers,fpi_8949,,,Arrow Men Formal Black Shoes,fpi_23249,,,,,grey/grey,3,6406,images/fpi/12028.jpg;images/fpi/8949.jpg;images/fpi/23249.jpg,Pairs a grey Shirts with grey Trousers and Formal Shoes for a cohesive office look.
syn_men_office_9,men,western,office,office men,Genesis Men Stripes Blue Shirts,fpi_12271,John Miller Men Line Grey Trousers,fpi_10260,,,Red Tape Men's Formal Leather Black Shoe,fpi_8063,,,,,blue/grey,3,5896,images/fpi/12271.jpg;images/fpi/10260.jpg;images/fpi/8063.jpg,Pairs a blue Shirts with grey Trousers and Formal Shoes for a cohesive office look.
syn_men_office_10,men,western,office,office men,Mark Taylor Men White Green Striped Shirts,fpi_12019,Indigo Nation Men Black self structure Black Trousers,fpi_11267,,,Provogue Men Formal Black Formal Shoes,fpi_12879,,,,,white/black,3,5683,images/fpi/12019.jpg;images/fpi/11267.jpg;images/fpi/12879.jpg,Pairs a white Shirts with black Trousers and Formal Shoes for a cohesive office look.
syn_men_office_11,men,western,office,office men,John Players Men Blue Striped Shirt,fpi_37793,Indigo Nation Men Cream Trouser Cream Trousers,fpi_11268,,,Rockport Men's Alfrew Brown Shoe,fpi_7243,,,,,blue/cream,3,6170,images/fpi/37793.jpg;images/fpi/11268.jpg;images/fpi/7243.jpg,Pairs a blue Shirts with cream Trousers and Formal Shoes for a cohesive office look.
syn_men_office_12,men,western,office,office men,Mark Taylor Men Yellow & Blue Striped Shirt,fpi_17537,Basics Men Dark Brown Trousers,fpi_29852,,,Arrow Men Black Formal Shoes,fpi_59435,,,,,yellow/brown,3,6597,images/fpi/17537.jpg;images/fpi/29852.jpg;images/fpi/59435.jpg,Pairs a yellow Shirts with brown Trousers and Formal Shoes for a cohesive office look.
syn_men_office_13,men,western,office,office men,Indigo Nation Men cotton White Shirts,fpi_9589,John Miller Men Line Grey Trousers,fpi_10260,,,Arrow Men Black Formal Shoes,fpi_46795,,,,,white/grey,3,5674,images/fpi/9589.jpg;images/fpi/10260.jpg;images/fpi/46795.jpg,Pairs a white Shirts with grey Trousers and Formal Shoes for a cohesive office look.
syn_men_office_14,men,western,office,office men,Peter England Men Stripes Purple Shirt,fpi_16360,Van Heusen Men Classic Pleated Black Trousers,fpi_33815,,,Red Chief Men Black Formal Shoes,fpi_50725,,,,,purple/black,3,6105,images/fpi/16360.jpg;images/fpi/33815.jpg;images/fpi/50725.jpg,Pairs a purple Shirts with black Trousers and Formal Shoes for a cohesive office look.
syn_men_party_0,men,western,party,party men,U.S. Polo Assn. Men Stripes Green Sweater,fpi_17197,Gini and Jony Kids Unisex Blue Jeans,fpi_33279,,,Lotto Men Maroon Juve Flip Flop,fpi_44714,,,,,green/blue,3,4222,images/fpi/17197.jpg;images/fpi/33279.jpg;images/fpi/44714.jpg,Pairs a green Sweaters with blue Jeans and Flip Flops for a cohesive party look.
syn_men_party_1,men,western,party,party men,Rolling Stone Men's The Rolling Stones Navy T-shirt,fpi_5178,Chromozome Men Navy Blue Lounge Shorts,fpi_50656,,,Converse Unisex Tongue Triple Color Black Casual Shoes,fpi_23793,,,,,navy blue/navy blue,3,3769,images/fpi/5178.jpg;images/fpi/50656.jpg;images/fpi/23793.jpg,Pairs a navy blue Tshirts with navy blue Lounge Shorts and Casual Shoes for a cohesive party look.
syn_men_party_2,men,western,party,party men,Locomotive Men Printed Black T-shirt,fpi_21408,Locomotive Men Washed Blue Jeans,fpi_16508,,,Converse Unisex Ct AsAll Star 08 Hi Green Casual Shoes,fpi_9097,,,,,black/blue,3,4598,images/fpi/21408.jpg;images/fpi/16508.jpg;images/fpi/9097.jpg,Pairs a black Tshirts with blue Jeans and Casual Shoes for a cohesive party look.
syn_men_party_3,men,western,party,party men,U.S. Polo Assn. Men Stripes Green Sweater,fpi_17197,Proline Men Grey Track Pants,fpi_7889,,,Converse Men's Chuck Taylor Big Check Red Black Canvas Shoe,fpi_3595,,,,,green/grey,3,4444,images/fpi/17197.jpg;images/fpi/7889.jpg;images/fpi/3595.jpg,Pairs a green Sweaters with grey Track Pants and Casual Shoes for a cohesive party look.
syn_men_party_4,men,western,party,party men,Arrow Men Stripes Blue Shirts,fpi_14740,Gini and Jony Boys Jeans Blue Jeans,fpi_40923,,,Puma Unisex Lo Punk White Green Red Shoe,fpi_4123,,,,,blue/blue,3,5186,images/fpi/14740.jpg;images/fpi/40923.jpg;images/fpi/4123.jpg,Pairs a blue Shirts with blue Jeans and Casual Shoes for a cohesive party look.
syn_men_party_5,men,western,party,party men,John Miller Men Striped White Shirt,fpi_26101,Nike Men Charcoal Grey Shorts,fpi_43044,,,Puma Men's Vesta Runner Black White Shoe,fpi_3226,,,,,white/charcoal,3,5314,images/fpi/26101.jpg;images/fpi/43044.jpg;images/fpi/3226.jpg,Pairs a white Shirts with charcoal Shorts and Sports Shoes for a cohesive party look.
syn_men_party_6,men,western,party,party men,John Players Men Blue Striped Shirt,fpi_37793,Arrow Men Wooltouch Charcoal Trousers,fpi_15120,,,Nike Men Nike air embark Black Sandals,fpi_8527,,,,,blue/charcoal,3,5657,images/fpi/37793.jpg;images/fpi/15120.jpg;images/fpi/8527.jpg,Pairs a blue Shirts with charcoal Trousers and Sandals for a cohesive party look.
syn_men_party_7,men,western,party,party men,Genesis Off-White Formal Shirt,fpi_14712,Wrangler Men Blue Texas Jeans,fpi_11295,,,Red Tape Men Grey Shoes,fpi_30257,,,,,off white/blue,3,5102,images/fpi/14712.jpg;images/fpi/11295.jpg;images/fpi/30257.jpg,Pairs a off white Shirts with blue Jeans and Casual Shoes for a cohesive party look.
syn_men_party_8,men,western,party,party men,UCB Men's Johny Collar With Two Tone Green T-shirt,fpi_6023,John Players Men Navy Regular Fit Jeans,fpi_56849,,,Converse Unisex Red Flip Flops,fpi_40740,,,,,green/navy blue,3,3995,images/fpi/6023.jpg;images/fpi/56849.jpg;images/fpi/40740.jpg,Pairs a green Tshirts with navy blue Jeans and Flip Flops for a cohesive party look.
syn_men_party_9,men,western,party,party men,ADIDAS Men's Twelve Faster T-shirt,fpi_5865,Arrow Sport Men Brown Trousers,fpi_26508,,,Playboy Men Casual Green Slippers,fpi_11859,,,,,black/brown,3,4535,images/fpi/5865.jpg;images/fpi/26508.jpg;images/fpi/11859.jpg,Pairs a black Tshirts with brown Trousers and Flip Flops for a cohesive party look.
syn_men_party_10,men,western,party,party men,Myntra Men Yellow Shirt,fpi_51400,Probase Men Solid DK.Grey Trousers,fpi_14657,,,Rockport Men Slatkin Grey Casual Shoes,fpi_15518,,,,,yellow/grey,3,4115,images/fpi/51400.jpg;images/fpi/14657.jpg;images/fpi/15518.jpg,Pairs a yellow Shirts with grey Trousers and Casual Shoes for a cohesive party look.
syn_men_party_11,men,western,party,party men,Indigo Nation Men Printed Black Shirt,fpi_31660,Indigo Nation Men ID Printed Navy Blue Trousers,fpi_8948,,,Timberland Unisex Suede Restorer Brush Shoe Accessories,fpi_6843,,,,,black/navy blue,3,4490,images/fpi/31660.jpg;images/fpi/8948.jpg;images/fpi/6843.jpg,Pairs a black Shirts with navy blue Trousers and Shoe Accessories for a cohesive party look.
syn_men_party_12,men,western,party,party men,Inkfruit Men's Double Trouble Brown T-shirt,fpi_3681,Wrangler Men Blue Skanders Jeans,fpi_41349,,,Puma Men Aqua Cat II Power Black Flip Flops,fpi_26590,,,,,brown/blue,3,5228,images/fpi/3681.jpg;images/fpi/41349.jpg;images/fpi/26590.jpg,Pairs a brown Tshirts with blue Jeans and Flip Flops for a cohesive party look.
syn_men_party_13,men,western,party,party men,Flying Machine Men Pack of 2 Stripes Red Blue Tshirts,fpi_14064,Lee Men Tino Blue Jeans,fpi_44586,,,Woodland Men Brown Shoes,fpi_22841,,,,,red/blue,3,3958,images/fpi/14064.jpg;images/fpi/44586.jpg;images/fpi/22841.jpg,Pairs a red Tshirts with blue Jeans and Casual Shoes for a cohesive party look.
syn_men_party_14,men,western,party,party men,Tantra Kid's Unisex Muscle Man Green Kidswear,fpi_4311,Jack & Jones Men Blue Jeans,fpi_44924,,,Woodland Men Black Shoes,fpi_50376,,,,,green/blue,3,4744,images/fpi/4311.jpg;images/fpi/44924.jpg;images/fpi/50376.jpg,Pairs a green Tshirts with blue Jeans and Casual Shoes for a cohesive party look.
syn_men_sports_0,men,western,sports,sports men,ADIDAS Mumbai Indians Kids Unisex Blue Match Jersey,fpi_38389,Chromozome Men Grey Melange Fashion Lounge Pants S-5145,fpi_50667,,,Fila Men Superior Silver Sports Shoes,fpi_25572,,,,,blue/grey melange,3,4041,images/fpi/38389.jpg;images/fpi/50667.jpg;images/fpi/25572.jpg,Pairs a blue Tshirts with grey melange Lounge Pants and Sports Shoes for a cohesive sports look.
syn_men_sports_1,men,western,sports,sports men,Nike Men Solid Black T-shirt,fpi_22641,Proline Men Grey Melange Track Pants,fpi_34205,,,Lotto Men White Sports Shoes,fpi_39638,,,,,black/grey melange,3,4700,images/fpi/22641.jpg;images/fpi/34205.jpg;images/fpi/39638.jpg,Pairs a black Tshirts with grey melange Track Pants and Sports Shoes for a cohesive sports look.
syn_men_sports_2,men,western,sports,sports men,ADIDAS Men's Slim Fit White T-shirt,fpi_2049,Chromozome Men Navy Blue Lounge Shorts,fpi_50656,,,Lotto Men's Fuerzapura Black Yellow Shoe,fpi_4495,,,,,white/navy blue,3,3695,images/fpi/2049.jpg;images/fpi/50656.jpg;images/fpi/4495.jpg,Pairs a white Tshirts with navy blue Lounge Shorts and Sports Shoes for a cohesive sports look.
syn_men_sports_3,men,western,sports,sports men,ADIDAS Men's Slim Fit White T-shirt,fpi_2049,ADIDAS Men's Prophecy Black Yellow Short,fpi_4808,,,Lotto Men T-Effect III White Blue Shoe,fpi_4492,,,,,white/black,3,4247,images/fpi/2049.jpg;images/fpi/4808.jpg;images/fpi/4492.jpg,Pairs a white Tshirts with black Shorts and Sports Shoes for a cohesive sports look.
syn_men_sports_4,men,western,sports,sports men,Puma Men's Record Grey T-shirt,fpi_7642,Urban Yoga Men Solid Blue Track Pants,fpi_11129,,,Kalenji Kapteren 50 Black Pink,fpi_5387,,,,,grey/blue,3,5000,images/fpi/7642.jpg;images/fpi/11129.jpg;images/fpi/5387.jpg,Pairs a grey Tshirts with blue Track Pants and Sports Shoes for a cohesive sports look.
syn_men_sports_5,men,western,sports,sports men,ADIDAS Men's Polo Crome Black T-shirt,fpi_3485,Nike Men's Blue Short,fpi_5450,,,ADIDAS Men Sports White Sports Shoes,fpi_12960,,,,,black/blue,3,4643,images/fpi/3485.jpg;images/fpi/5450.jpg;images/fpi/12960.jpg,Pairs a black Tshirts with blue Shorts and Sports Shoes for a cohesive sports look.
syn_men_sports_6,men,western,sports,sports men,Nike Men Advantage Geometric Blue Jersey,fpi_31462,ADIDAS Men Black Shorts,fpi_32420,,,ADIDAS Men White Corona Sports Shoes,fpi_42089,,,,,blue/black,3,4745,images/fpi/31462.jpg;images/fpi/32420.jpg;images/fpi/42089.jpg,Pairs a blue Tshirts with black Shorts and Sports Shoes for a cohesive sports look.
syn_men_sports_7,men,western,sports,sports men,Puma Men Grey Training T-shirt,fpi_44835,Reebok Men trackpant- male Track Pants,fpi_1607,,,Nike Men's Air Citius MSL White Grey Shoe,fpi_3161,,,,,grey/blue,3,4600,images/fpi/44835.jpg;images/fpi/1607.jpg;images/fpi/3161.jpg,Pairs a grey Tshirts with blue Track Pants and Sports Shoes for a cohesive sports look.
syn_men_sports_8,men,western,sports,sports men,Nike Men Manu Core Black Sweatshirts,fpi_9976,Proline Charcoal Grey Shorts,fpi_34250,,,Puma Men Driving Power Lo SF Black Sports Shoes,fpi_8979,,,,,black/charcoal,3,4722,images/fpi/9976.jpg;images/fpi/34250.jpg;images/fpi/8979.jpg,Pairs a black Sweatshirts with charcoal Shorts and Sports Shoes for a cohesive sports look.
syn_men_sports_9,men,western,sports,sports men,Nike Men Solid Black Sweater,fpi_22625,Proline Navy Shorts,fpi_34251,,,Nike Men's Lunar Fly Black Blue Shoe,fpi_5540,,,,,black/navy blue,3,4383,images/fpi/22625.jpg;images/fpi/34251.jpg;images/fpi/5540.jpg,Pairs a black Sweaters with navy blue Shorts and Sports Shoes for a cohesive sports look.
syn_men_sports_10,men,western,sports,sports men,ADIDAS Men's Slim Fit White T-shirt,fpi_2049,Chromozome Men Black Fashion Lounge Pants S-5145,fpi_50666,,,Puma Men Driving Power Lo SF Black Sports Shoes,fpi_8979,,,,,white/black,3,4085,images/fpi/2049.jpg;images/fpi/50666.jpg;images/fpi/8979.jpg,Pairs a white Tshirts with black Lounge Pants and Sports Shoes for a cohesive sports look.
syn_men_sports_11,men,western,sports,sports men,ADIDAS Men Green South Africa Cricket Jersey,fpi_19388,Nabaiji Unisex Black Silicone Swimming Cap,fpi_1582,,,Skechers Men Reliance Silver Sports Shoes,fpi_13165,,,,,green/black,3,4804,images/fpi/19388.jpg;images/fpi/1582.jpg;images/fpi/13165.jpg,Pairs a green Tshirts with black Swimwear and Sports Shoes for a cohesive sports look.
syn_men_sports_12,men,western,sports,sports men,Nike Men Advantage Geometric Blue Jersey,fpi_31462,Nike Men Premier Knit Grey Shorts,fpi_28513,,,Reebok Men's Zigfuel Black Yellow Shoe,fpi_5726,,,,,blue/grey,3,4272,images/fpi/31462.jpg;images/fpi/28513.jpg;images/fpi/5726.jpg,Pairs a blue Tshirts with grey Shorts and Sports Shoes for a cohesive sports look.
syn_men_sports_13,men,western,sports,sports men,Nike Mens Manchester United White T-shirt,fpi_2301,Nabaiji Unisex Black Silicone Swimming Cap,fpi_1582,,,Puma Men Driving Power Lo SF Black Sports Shoes,fpi_8979,,,,,white/black,3,4775,images/fpi/2301.jpg;images/fpi/1582.jpg;images/fpi/8979.jpg,Pairs a white Tshirts with black Swimwear and Sports Shoes for a cohesive sports look.
syn_men_sports_14,men,western,sports,sports men,ADIDAS Mumbai Indians Kids Unisex Blue Match Jersey,fpi_38389,Chromozome Men Black Lounge Pants,fpi_50660,,,Puma Men's Street White Shoe,fpi_3242,,,,,blue/black,3,4651,images/fpi/38389.jpg;images/fpi/50660.jpg;images/fpi/3242.jpg,Pairs a blue Tshirts with black Lounge Pants and Sports Shoes for a cohesive sports look.
syn_women_casual_0,women,western,casual,casual women,Nike Women Blue Grafitti Maroon Tshirts,fpi_12793,Femella Women Blue Leggings,fpi_25913,,,Catwalk Women Multi Colour Flats,fpi_39579,,,,,maroon/blue,3,4607,images/fpi/12793.jpg;images/fpi/25913.jpg;images/fpi/39579.jpg,Pairs a maroon Tshirts with blue Leggings and Heels for a cohesive casual look.
syn_women_casual_op_0,women,western,casual,casual one-piece,Femella Women Blue Nightdress,fpi_39239,,,,,Rocia Women Beige & Brown Sandals,fpi_45408,,,,,blue/beige,2,3537,images/fpi/39239.jpg;images/fpi/45408.jpg,A blue Nightdress finished with Flats keeps the silhouette clean for casual.
syn_women_casual_1,women,western,casual,casual women,ADIDAS Women Whalf Striper White Top,fpi_22392,Doodle Girls Washed Black Shorts,fpi_34118,,,Timberland Women's Estela Umbrella Green Flip Flop,fpi_6820,,,,,white/black,3,4458,images/fpi/22392.jpg;images/fpi/34118.jpg;images/fpi/6820.jpg,Pairs a white Tops with black Shorts and Flip Flops for a cohesive casual look.
syn_women_casual_op_1,women,western,casual,casual one-piece,Red Rose Women Off White Nightdress,fpi_52360,,,,,Skechers Women Blue Teal Shoe,fpi_5343,,,,,off white/blue,2,2712,images/fpi/52360.jpg;images/fpi/5343.jpg,A off white Nightdress finished with Casual Shoes keeps the silhouette clean for casual.
syn_women_casual_2,women,western,casual,casual women,Wrangler Women Summer of Love Blue T-shirt,fpi_33555,Palm Tree Girls Sp Jace Sko White Skirts,fpi_10000,,,Rockport Women Jeanie Thong Chain Pink Flats,fpi_15511,,,,,blue/white,3,5268,images/fpi/33555.jpg;images/fpi/10000.jpg;images/fpi/15511.jpg,Pairs a blue Tshirts with white Skirts and Heels for a cohesive casual look.
syn_women_casual_op_2,women,western,casual,casual one-piece,Tonga Women Printed Black Dress,fpi_34572,,,,,Catwalk Women Olive Sandals,fpi_46596,,,,,black/brown,2,4716,images/fpi/34572.jpg;images/fpi/46596.jpg,A black Dresses finished with Heels keeps the silhouette clean for casual.
syn_women_casual_3,women,western,casual,casual women,Peter England Unisex Black Laptop Bag,fpi_39514,Forever New Women Cappuccino Cream Skirts,fpi_8496,,,Puma Unisex Tropi Cat Red White Flip Flop,fpi_3626,,,,,black/cream,3,4010,images/fpi/39514.jpg;images/fpi/8496.jpg;images/fpi/3626.jpg,Pairs a black Laptop Bag with cream Skirts and Flip Flops for a cohesive casual look.
syn_women_casual_op_3,women,western,casual,casual one-piece,Red Rose Women Black Nightdress,fpi_52410,,,,,Rocia Women Casual Black Sandal,fpi_16995,,,,,black/black,2,2476,images/fpi/52410.jpg;images/fpi/16995.jpg,A black Nightdress finished with Sports Sandals keeps the silhouette clean for casual.
syn_women_casual_4,women,western,casual,casual women,Puma Women Heather USP Black Tshirts,fpi_10324,Wrangler Women Blue Giselle Jeans,fpi_51586,,,HM Women Red Heels,fpi_56882,,,,,black/blue,3,4970,images/fpi/10324.jpg;images/fpi/51586.jpg;images/fpi/56882.jpg,Pairs a black Tops with blue Jeans and Heels for a cohesive casual look.
syn_women_casual_op_4,women,western,casual,casual one-piece,Doodle Girls Pink Printed Dress,fpi_50722,,,,,Warner Bros Kids Unisex SD Silly Shoe Silver Casual Shoes,fpi_15867,,,,,pink/silver,2,4335,images/fpi/50722.jpg;images/fpi/15867.jpg,A pink Dresses finished with Casual Shoes keeps the silhouette clean for casual.
syn_women_casual_5,women,western,casual,casual women,Flying Machine Women Solid Peach Sweaters,fpi_14091,Lee Women Black Jeans,fpi_50948,,,Converse Unisex Casual Green Slipper,fpi_17649,,,,,peach/black,3,4221,images/fpi/14091.jpg;images/fpi/50948.jpg;images/fpi/17649.jpg,Pairs a peach Sweaters with black Jeans and Flip Flops for a cohesive casual look.
syn_women_casual_op_5,women,western,casual,casual one-piece,Femella Women Yellow Dress,fpi_59897,,,,,Senorita Women Black Flats,fpi_45804,,,,,yellow/black,2,4612,images/fpi/59897.jpg;images/fpi/45804.jpg,A yellow Dresses finished with Heels keeps the silhouette clean for casual.
syn_women_casual_6,women,western,casual,casual women,Wrangler Women's Pinstrupe Grey Melange T-shirt,fpi_5140,Gini and Jony Girls Black Capris,fpi_47154,,,iPanema Women Temas Brown Flip Flops,fpi_32815,,,,,grey/black,3,4706,images/fpi/5140.jpg;images/fpi/47154.jpg;images/fpi/32815.jpg,Pairs a grey Tshirts with black Capris and Flip Flops for a cohesive casual look.
syn_women_casual_op_6,women,western,casual,casual one-piece,United Colors of Benetton Women Solid White Dress,fpi_13472,,,,,Catwalk Women Casual White Flats,fpi_14348,,,,,white/white,2,4652,images/fpi/13472.jpg;images/fpi/14348.jpg,A white Dresses finished with Heels keeps the silhouette clean for casual.
syn_women_casual_7,women,western,casual,casual women,Peter England Unisex Black Laptop Bag,fpi_39513,Doodle Girls Washed Blue Capris,fpi_34116,,,Rocia Women Black Flats,fpi_13480,,,,,black/blue,3,4960,images/fpi/39513.jpg;images/fpi/34116.jpg;images/fpi/13480.jpg,Pairs a black Laptop Bag with blue Capris and Flats for a cohesive casual look.
syn_women_casual_op_7,women,western,casual,casual one-piece,French Connection Women White & Blue Striped Dress,fpi_48525,,,,,Catwalk Women Blue Casual Flats,fpi_27074,,,,,white/blue,2,4651,images/fpi/48525.jpg;images/fpi/27074.jpg,A white Dresses finished with Flats keeps the silhouette clean for casual.
syn_women_casual_8,women,western,casual,casual women,American Tourister Unisex Black Laptop Bag,fpi_25861,Levis Kids Blue Solid Jean,fpi_13671,,,Puma Unisex Matrix Red White Flip Flop,fpi_6288,,,,,black/blue,3,4159,images/fpi/25861.jpg;images/fpi/13671.jpg;images/fpi/6288.jpg,Pairs a black Laptop Bag with blue Jeans and Flip Flops for a cohesive casual look.
syn_women_casual_op_8,women,western,casual,casual one-piece,Femella Women Black Striped Tank Dress,fpi_52162,,,,,Converse Unisex Chuck Taylor Black Casual Shoes,fpi_24189,,,,,black/black,2,4643,images/fpi/52162.jpg;images/fpi/24189.jpg,A black Dresses finished with Casual Shoes keeps the silhouette clean for casual.
syn_women_casual_9,women,western,casual,casual women,French Connection Women Blue Shirt,fpi_48093,Jealous 21 Women Blue Shorts,fpi_27027,,,Catwalk Women Black Flats,fpi_39571,,,,,blue/blue,3,5018,images/fpi/48093.jpg;images/fpi/27027.jpg;images/fpi/39571.jpg,Pairs a blue Shirts with blue Shorts and Heels for a cohesive casual look.
syn_women_casual_op_9,women,western,casual,casual one-piece,Jealous 21 Women Black Dress,fpi_26934,,,,,ADIDAS Women Daily Black Shoe,fpi_5916,,,,,black/black,2,4781,images/fpi/26934.jpg;images/fpi/5916.jpg,A black Dresses finished with Casual Shoes keeps the silhouette clean for casual.
syn_women_casual_10,women,western,casual,casual women,Latin Quarters Women Purple Shirt,fpi_57992,DUSG Women Uttarkashi Organic Endive Capri,fpi_2954,,,Converse Unisex Green Flip Flops,fpi_17646,,,,,purple/yellow,3,4723,images/fpi/57992.jpg;images/fpi/2954.jpg;images/fpi/17646.jpg,Pairs a purple Shirts with yellow Capris and Flip Flops for a cohesive casual look.
syn_women_casual_op_10,women,western,casual,casual one-piece,French Connection Women White Dress,fpi_48524,,,,,Portia Women Black Wedges,fpi_47598,,,,,white/black,2,4434,images/fpi/48524.jpg;images/fpi/47598.jpg,A white Dresses finished with Heels keeps the silhouette clean for casual.
syn_women_casual_11,women,western,casual,casual women,Jealous 21 Women's Orange Rose T-shirt,fpi_5787,Jealous 21 Women's Aaren Black Jegging,fpi_7709,,,Vans Unisex Authentic Lo Pro Brown Casual Shoes,fpi_21740,,,,,orange/black,3,4074,images/fpi/5787.jpg;images/fpi/7709.jpg;images/fpi/21740.jpg,Pairs a orange Tshirts with black Jeans and Casual Shoes for a cohesive casual look.
syn_women_casual_op_11,women,western,casual,casual one-piece,Red Rose Maroon Nightdress,fpi_52411,,,,,Catwalk Women Gold Toned & Brown Flats,fpi_53131,,,,,maroon/gold,2,3123,images/fpi/52411.jpg;images/fpi/53131.jpg,A maroon Nightdress finished with Heels keeps the silhouette clean for casual.
syn_women_casual_12,women,western,casual,casual women,Femella Women Green Top,fpi_39230,Doodle Kids Girl Pink Capris,fpi_33501,,,Lotto Women White & Pink Blossom Flip Flops,fpi_44723,,,,,green/pink,3,4943,images/fpi/39230.jpg;images/fpi/33501.jpg;images/fpi/44723.jpg,Pairs a green Tops with pink Capris and Flip Flops for a cohesive casual look.
syn_women_casual_op_12,women,western,casual,casual one-piece,Inaya Women Bright Pink Nightdress,fpi_51982,,,,,Rocia Women Bronze Sandals,fpi_45385,,,,,pink/bronze,2,3246,images/fpi/51982.jpg;images/fpi/45385.jpg,A pink Nightdress finished with Flats keeps the silhouette clean for casual.
syn_women_casual_13,women,western,casual,casual women,French Connection Women Blue Shirt,fpi_48093,Elle Women Blue Skirt,fpi_57089,,,Catwalk Women Black Heels,fpi_18540,,,,,blue/navy blue,3,4861,images/fpi/48093.jpg;images/fpi/57089.jpg;images/fpi/18540.jpg,Pairs a blue Shirts with navy blue Skirts and Heels for a cohesive casual look.
syn_women_casual_op_13,women,western,casual,casual one-piece,United Colors of Benetton Women Brown Jumpsuit,fpi_57812,,,,,Warner Bros Kids Unisex LT Blug Clog Green Sandals,fpi_15858,,,,,brown/green,2,4359,images/fpi/57812.jpg;images/fpi/15858.jpg,A brown Jumpsuit finished with Sandals keeps the silhouette clean for casual.
syn_women_casual_14,women,western,casual,casual women,Lee Women Check Green Tunics,fpi_11713,Elle Women Blue Jeans,fpi_57073,,,Nike Women Air Rift Grey Shoes,fpi_31941,,,,,green/blue,3,5411,images/fpi/11713.jpg;images/fpi/57073.jpg;images/fpi/31941.jpg,Pairs a green Tunics with blue Jeans and Casual Shoes for a cohesive casual look.
syn_women_casual_op_14,women,western,casual,casual one-piece,Doodle Kids Girl Printed Blue Dress,fpi_27198,,,,,HM Women Brown Shoes,fpi_56870,,,,,blue/brown,2,4186,images/fpi/27198.jpg;images/fpi/56870.jpg,A blue Dresses finished with Casual Shoes keeps the silhouette clean for casual.
syn_women_office_op_0,women,western,office,office one-piece,Avirate Women Black Dress,fpi_59986,,,,,Carlton London Women Black Heels,fpi_15490,,,,,black/black,2,5479,images/fpi/59986.jpg;images/fpi/15490.jpg,A black Dresses finished with Heels keeps the silhouette clean for office.
syn_women_office_op_1,women,western,office,office one-piece,Avirate Women Black Dress,fpi_59986,,,,,Carlton London Women Black Heels,fpi_15490,,,,,black/black,2,5479,images/fpi/59986.jpg;images/fpi/15490.jpg,A black Dresses finished with Heels keeps the silhouette clean for office.
syn_women_office_op_2,women,western,office,office one-piece,Avirate Women Black Dress,fpi_59986,,,,,Catwalk Women Leather Formal Grey Heels,fpi_2880,,,,,black/grey,2,5546,images/fpi/59986.jpg;images/fpi/2880.jpg,A black Dresses finished with Heels keeps the silhouette clean for office.
syn_women_office_op_3,women,western,office,office one-piece,Avirate Women Black Dress,fpi_59986,,,,,Carlton London Women Black Heels,fpi_15490,,,,,black/black,2,5479,images/fpi/59986.jpg;images/fpi/15490.jpg,A black Dresses finished with Heels keeps the silhouette clean for office.
syn_women_office_op_4,women,western,office,office one-piece,Avirate Women Black Dress,fpi_59986,,,,,Rocia Women Brown Heels,fpi_17010,,,,,black/brown,2,5917,images/fpi/59986.jpg;images/fpi/17010.jpg,A black Dresses finished with Heels keeps the silhouette clean for office.
syn_women_office_op_5,women,western,office,office one-piece,Avirate Women Black Dress,fpi_59986,,,,,Catwalk Women Leather Formal Grey Heels,fpi_2880,,,,,black/grey,2,5546,images/fpi/59986.jpg;images/fpi/2880.jpg,A black Dresses finished with Heels keeps the silhouette clean for office.
syn_women_office_op_6,women,western,office,office one-piece,Avirate Women Black Dress,fpi_59986,,,,,Carlton London Women Black Heels,fpi_15490,,,,,black/black,2,5479,images/fpi/59986.jpg;images/fpi/15490.jpg,A black Dresses finished with Heels keeps the silhouette clean for office.
syn_women_office_op_7,women,western,office,office one-piece,Avirate Women Black Dress,fpi_59986,,,,,Catwalk Women Leather Formal Grey Heels,fpi_2880,,,,,black/grey,2,5546,images/fpi/59986.jpg;images/fpi/2880.jpg,A black Dresses finished with Heels keeps the silhouette clean for office.
syn_women_office_op_8,women,western,office,office one-piece,Avirate Women Black Dress,fpi_59986,,,,,Carlton London Women Black Heels,fpi_15490,,,,,black/black,2,5479,images/fpi/59986.jpg;images/fpi/15490.jpg,A black Dresses finished with Heels keeps the silhouette clean for office.
syn_women_office_op_9,women,western,office,office one-piece,Avirate Women Black Dress,fpi_59986,,,,,Catwalk Women Leather Formal Grey Heels,fpi_2880,,,,,black/grey,2,5546,images/fpi/59986.jpg;images/fpi/2880.jpg,A black Dresses finished with Heels keeps the silhouette clean for office.
syn_women_office_op_10,women,western,office,office one-piece,Avirate Women Black Dress,fpi_59986,,,,,Carlton London Women Black Heels,fpi_15490,,,,,black/black,2,5479,images/fpi/59986.jpg;images/fpi/15490.jpg,A black Dresses finished with Heels keeps the silhouette clean for office.
syn_women_office_op_11,women,western,office,office one-piece,Avirate Women Black Dress,fpi_59986,,,,,Carlton London Women Black Heels,fpi_15490,,,,,black/black,2,5479,images/fpi/59986.jpg;images/fpi/15490.jpg,A black Dresses finished with Heels keeps the silhouette clean for office.
syn_women_office_op_12,women,western,office,office one-piece,Avirate Women Black Dress,fpi_59986,,,,,Rocia Women Brown Heels,fpi_17010,,,,,black/brown,2,5917,images/fpi/59986.jpg;images/fpi/17010.jpg,A black Dresses finished with Heels keeps the silhouette clean for office.
syn_women_office_op_13,women,western,office,office one-piece,Avirate Women Black Dress,fpi_59986,,,,,Rocia Women Brown Heels,fpi_17010,,,,,black/brown,2,5917,images/fpi/59986.jpg;images/fpi/17010.jpg,A black Dresses finished with Heels keeps the silhouette clean for office.
syn_women_office_op_14,women,western,office,office one-piece,Avirate Women Black Dress,fpi_59986,,,,,Catwalk Women Leather Formal Grey Heels,fpi_2880,,,,,black/grey,2,5546,images/fpi/59986.jpg;images/fpi/2880.jpg,A black Dresses finished with Heels keeps the silhouette clean for office.
syn_women_sports_0,women,western,sports,sports women,ADIDAS Kids Black Pune Warriors Match Jersey,fpi_3447,Nike Women Solid Pink Shorts,fpi_15341,,,Kalenji Kapteren 50 Black Pink,fpi_5387,,,,,black/pink,3,4994,images/fpi/3447.jpg;images/fpi/15341.jpg;images/fpi/5387.jpg,Pairs a black Tshirts with pink Shorts and Sports Shoes for a cohesive sports look.
syn_women_sports_1,women,western,sports,sports women,Nike Women Purple Polo T-shirt,fpi_2307,Nike Women As Classic Black Capri,fpi_7502,,,Spinn Women Alliance Black Sports Shoes,fpi_36417,,,,,purple/black,3,4851,images/fpi/2307.jpg;images/fpi/7502.jpg;images/fpi/36417.jpg,Pairs a purple Tshirts with black Capris and Sports Shoes for a cohesive sports look.
syn_women_sports_2,women,western,sports,sports women,ADIDAS Women Fitted Black T-shirt,fpi_2078,ADIDAS Women Grey Track Pants,fpi_29056,,,Nike Women Zoo Blue Shoe,fpi_4579,,,,,black/grey,3,4573,images/fpi/2078.jpg;images/fpi/29056.jpg;images/fpi/4579.jpg,Pairs a black Tshirts with grey Track Pants and Sports Shoes for a cohesive sports look.
syn_women_sports_3,women,western,sports,sports women,Urban Yoga Women Printed Black Sweatshirt,fpi_20378,Nike Women's Border Pink Skirt,fpi_6532,,,Kalenji Kapteren 200 Yellow Fw,fpi_5389,,,,,black/pink,3,4612,images/fpi/20378.jpg;images/fpi/6532.jpg;images/fpi/5389.jpg,Pairs a black Sweatshirts with pink Skirts and Sports Shoes for a cohesive sports look.
syn_women_sports_4,women,western,sports,sports women,Kochi Tuskers Kids Replica Jersey,fpi_4124,Nike Women As Classic Black Capri,fpi_7502,,,ADIDAS Women Duramo 3 Sports Shoes,fpi_13682,,,,,purple/black,3,3872,images/fpi/4124.jpg;images/fpi/7502.jpg;images/fpi/13682.jpg,Pairs a purple Tshirts with black Capris and Sports Shoes for a cohesive sports look.
syn_women_sports_5,women,western,sports,sports women,ADIDAS Kids Black Pune Warriors Match Jersey,fpi_3447,Nike Women Tennis Black Skirt,fpi_31454,,,ADIDAS Women Blazer Sports Shoes,fpi_13678,,,,,black/black,3,4465,images/fpi/3447.jpg;images/fpi/31454.jpg;images/fpi/13678.jpg,Pairs a black Tshirts with black Skirts and Sports Shoes for a cohesive sports look.
syn_women_sports_6,women,western,sports,sports women,ADIDAS Kids Black Pune Warriors Match Jersey,fpi_3447,Urban Yoga Women Blue Capris,fpi_28458,,,Puma Women Kuris Silver & Grey Sports Shoes,fpi_33825,,,,,black/blue,3,4655,images/fpi/3447.jpg;images/fpi/28458.jpg;images/fpi/33825.jpg,Pairs a black Tshirts with blue Capris and Sports Shoes for a cohesive sports look.
syn_women_sports_7,women,western,sports,sports women,Nike Women Orange Striped Polo T-shirt,fpi_32641,Nabaiji Unisex Black Silicone Swimming Cap,fpi_1582,,,Carlton London Women Gold Wedge Sandal,fpi_2616,,,,,orange/black,3,4865,images/fpi/32641.jpg;images/fpi/1582.jpg;images/fpi/2616.jpg,Pairs a orange Tshirts with black Swimwear and Flats for a cohesive sports look.
syn_women_sports_8,women,western,sports,sports women,ADIDAS Women's Balance Brown T-shirt,fpi_4781,Urban Yoga Women Black Capris,fpi_28457,,,Fila Women Top Fuel Black Sports Shoes,fpi_34650,,,,,brown/black,3,4111,images/fpi/4781.jpg;images/fpi/28457.jpg;images/fpi/34650.jpg,Pairs a brown Tshirts with black Capris and Sports Shoes for a cohesive sports look.
syn_women_sports_9,women,western,sports,sports women,Urban Yoga Women Printed Black Sweatshirt,fpi_20378,Nike Women Cuffed Black Capris,fpi_2306,,,Nike Women Free Run Pink Sports Shoes,fpi_36137,,,,,black/black,3,4341,images/fpi/20378.jpg;images/fpi/2306.jpg;images/fpi/36137.jpg,Pairs a black Sweatshirts with black Capris and Sports Shoes for a cohesive sports look.
syn_women_sports_10,women,western,sports,sports women,ADIDAS Womens Red Tank T-shirt,fpi_1988,Nike Women Regular Grey Capris,fpi_38571,,,Reebok Women Zig Sonic Yellow and Grey Sports Shoes,fpi_4170,,,,,red/grey,3,4269,images/fpi/1988.jpg;images/fpi/38571.jpg;images/fpi/4170.jpg,Pairs a red Tshirts with grey Capris and Sports Shoes for a cohesive sports look.
syn_women_sports_11,women,western,sports,sports women,Urban Yoga Women Printed Black Sweatshirt,fpi_20378,Nike Women Cuffed Black Capris,fpi_2306,,,Kalenji Kapteren 50 Black Pink,fpi_5387,,,,,black/black,3,4769,images/fpi/20378.jpg;images/fpi/2306.jpg;images/fpi/5387.jpg,Pairs a black Sweatshirts with black Capris and Sports Shoes for a cohesive sports look.
syn_women_sports_12,women,western,sports,sports women,Decathlon Profilter Women Blue T-shirt,fpi_1809,Nike Womens Grey Capris,fpi_43075,,,Puma Women Bodytrain Purple Sports Shoes,fpi_26624,,,,,blue/grey,3,4073,images/fpi/1809.jpg;images/fpi/43075.jpg;images/fpi/26624.jpg,Pairs a blue Tshirts with grey Capris and Sports Shoes for a cohesive sports look.
syn_women_sports_13,women,western,sports,sports women,ADIDAS Kids Black Pune Warriors Match Jersey,fpi_3447,ADIDAS Women 3S Pink Track Pants,fpi_4774,,,Nike Women Free Run Pink Sports Shoes,fpi_36137,,,,,black/pink,3,4185,images/fpi/3447.jpg;images/fpi/4774.jpg;images/fpi/36137.jpg,Pairs a black Tshirts with pink Track Pants and Sports Shoes for a cohesive sports look.
syn_women_sports_14,women,western,sports,sports women,Reebok Women Boat-Neck Wildberry Sweatshirt,fpi_1609,Nabaiji Swimming Goggles Blue Black,fpi_1638,,,Nike Women City Court White Sports Shoe,fpi_17841,,,,,pink/blue,3,4745,images/fpi/1609.jpg;images/fpi/1638.jpg;images/fpi/17841.jpg,Pairs a pink Sweatshirts with blue Swimwear and Sports Shoes for a cohesive sports look.
